linha,transacoes,cartoes_unicos,vl_linha_medio,vl_trans_medio,vl_subsidio_total,pct_subsidio_medio
L1 CTR - Estação Central - Metrô,15439,1855,7.9,3.81,63132.45,72.05
L2 PVN - Estação Pavuna - Metrô,15075,1882,7.9,5.22,40370.95,53.31
L1 BTF - Estação Botafogo - Metrô,13335,1884,7.9,5.93,23907.75,36.76
PXV-NIT - PRAÇA XV X ARARIBOIA,9477,1801,4.7,4.21,2286.95,27.2
L4 JOC - Estação Jardim Oceânico,8955,1799,7.9,6.21,15171.45,36.69
L1 SCP - Estação Siqueira Campos - Metrô,6845,1718,7.9,5.98,13161.5,36.5
128013 - NOVA IGUAÇU - XEREM,6773,1490,6.35,5.76,4023.9,49.66
R1CBL - ESTAÇÃO CENTRAL DO BRASIL - SUPERVIA,6766,1753,7.6,5.43,14698.5,49.95
L2 DCT - Estação Del Castilho - Metrô,5968,1588,7.9,6.25,9611.95,36.51
L1 LMC - Estação Largo do Machado - Metrô,5752,1701,7.9,6.11,10314.5,36.38
551 - NOVA IGUAÇU - PENHA,5333,1442,5.95,5.52,2306.45,34.98
L1 SPN - Estação Saens Peña - Metrô,5210,1659,7.9,6.16,9067.85,36.57
560 - PRAÇA XV X VENDA DAS PEDRAS (VIA PPCS),5033,1493,16.7,8.97,38887.3,61.21
L4 SCO - Estação São Conrado,4495,1502,7.9,5.9,8975.5,36.58
L1 CRC - Estação Carioca - Metrô,4468,1595,7.9,5.89,8986.6,44.54
L2 CNT - Estação Coelho Neto - Metrô,4110,1457,7.9,5.65,9238.05,46.81
548P - NILOPOLIS - CAMPO GRANDE,4059,1370,6.85,6.23,2518.25,58.73
L1 URG - Estação Uruguaiana - Metrô,4047,1524,7.9,5.9,8101.15,42.32
L4 JAH - Estação Jardim de Alah,3982,1449,7.9,6.05,7362.3,36.53
503 - NITEROI X ALCANTARA (VIA TRIBOBÓ),3980,1303,7.0,6.27,2897.9,38.69
L1 GNO - Estação General Osório - metrô,3942,1534,7.9,6.04,7315.1,36.56
531MA - NITEROI X J. ALCÂNTARA (V. DR MARCH),3905,1321,6.35,5.84,1978.05,34.96
L1 CAV - Estação Cardeal Arcoverde - Metrô,3889,1497,7.9,6.15,6811.8,36.51
L4 AQT - Estação Antero de Quental,3833,1462,7.9,5.96,7240.5,36.52
PXV-PQ - PRAÇAXV X PAQUETA,3813,997,3.83,3.77,243.85,14.62
R1MNA - MARACANÃ,3747,1491,7.6,6.05,5805.9,36.19
L4 NSP - Estação Nossa Senhora da Paz,3736,1427,7.9,5.91,7444.3,36.33
549M - NITERÓI - SANTA ISABEL ( VIA TRIBOBÓ ),3687,1239,8.1,7.05,3880.55,57.24
L2 MRC - Estação Maracanã - Metrô,3684,1458,7.9,6.31,5841.35,38.61
L1 URI - Estação Uruguai - Metrô,3622,1476,7.9,6.09,6355.2,36.48
L1 FLA - Estação Flamengo - Metrô,3515,1463,7.9,5.99,6716.6,36.54
128023 - S. VICENTE - MEIER,3457,1210,5.95,5.59,1253.85,37.63
510 - CABUÇU X CENTRAL,3414,1215,13.9,7.89,20520.4,56.61
404M - NITERÓI - TRINDADE ( VIA BR-101 ),3312,1181,6.35,5.74,2032.6,41.41
541 - NOVA IGUAÇU - CASCADURA,3276,1249,5.95,5.54,1336.5,28.11
112C - DUQUE DE CAXIAS - CENTRAL (VIA LINHA VERMELHA/AV. BRASIL),3273,1214,9.25,5.93,10854.35,46.11
L2 VCV - Estação Vicente de Carvalho - Metrô,3202,1324,7.9,6.11,5717.6,37.91
L1 GLR - Estação Glória - Metrô,3155,1387,7.9,6.28,5119.45,37.14
499 - PARQUE SAO JOSE - DUQUE DE CAXIAS,3135,1148,5.95,5.28,2114.4,57.97
443MA - NITEROI X BOA VISTA,3036,1103,6.35,5.7,1967.9,35.02
128008 - N. IGUAÇU - CAXIAS ( LOTE XV),3017,1154,5.95,5.38,1707.7,47.75
502 - VALE DO IPE - DUQUE DE CAXIAS,2995,1150,5.95,5.22,2188.95,51.17
L2 IRJ - Estação Irajá - Metrô,2980,1284,7.9,6.03,5569.0,39.6
413M - NITERÓI - VENDA DAS PEDRAS ( VIA BR-101 ),2980,1193,10.4,8.16,6681.6,34.58
L1 CTG - Estação Cantagalo - Metrô,2919,1322,7.9,6.08,5326.5,36.47
405DKA - CAXIAS - PIABETÁ (LOTE XV),2849,1119,6.08,6.09,2626.8,inf
128024 - PAVUNA - VALE DO IPÊ,2838,1118,5.95,5.29,1867.35,46.09
544 - NOVA IGUAÇU - MEIER (N. SHOPPING),2834,1141,5.95,5.5,1277.6,44.64
138I - CAXIAS - NILOPOLIS ( VIA JARDIM AMERICA),2822,1064,5.95,5.43,1453.6,37.76
L1 CTT - Estação Catete - Metrô,2812,1321,7.9,6.04,5219.2,36.3
L1 CNL - Estação Cinelândia - Metrô,2778,1314,7.9,6.19,4736.55,38.73
484M - ALCÂNTARA - NITERÓI ( VIA TRIBOBÓ ),2678,1144,6.35,5.65,1864.1,41.17
180I - NOVA IGUAÇU - JAPERI,2666,1108,5.95,5.36,1580.9,46.13
429 - QUEIMADOS - CAXIAS,2596,1061,5.95,5.42,1370.7,52.96
530 - QUEIMADOS X CENTRAL,2580,1113,16.7,8.26,21786.35,62.96
415C - CENTRAL  -  JARDIM LEAL ( VIA GRAMACHO),2509,1098,9.25,6.57,6725.75,39.28
106 - SÃO JOÃO - NILÓPOLIS,2505,1019,5.95,5.45,1242.9,42.89
L2 SCR - Estação São Cristovão - Metrô,2466,1201,7.9,6.03,4612.6,39.19
L2 ERP - Estação Eng Rubens Paiva - Metrô,2428,1132,7.9,5.68,5390.9,38.93
428L - NOVA AURORA X BONSUCESSO,2391,1072,5.95,5.44,1209.85,39.79
555 - NITEROI X VENDAS DAS PEDRAS (VIA BR 101),2365,1055,11.45,8.88,6075.65,36.37
485 - DUQUE DE CAXIAS X PILARES,2325,1007,5.95,5.36,1375.0,43.28
490 - CENTRAL - MIGUEL COUTO,2323,1107,12.65,7.7,11503.3,50.32
L2 CLG - Estação Colégio - Metrô,2152,1070,7.9,5.79,4546.8,41.38
128014 - J. REDENTOR - CASCADURA,2085,978,5.95,5.51,923.2,48.64
526 - NOVA CAMPINA X CENTRAL,2070,1000,14.75,8.49,12950.5,56.68
500 - BAIRRO VONA (VIA PARQUE FLU - DUQUE DE CAXIAS,2040,921,5.95,5.26,1410.5,57.82
102C - DUQUE DE CAXIAS - CENTRAL (VIA 25 AGOSTO),2015,963,9.25,7.21,4115.75,32.79
133027 - SANTA SOFIA  X COELHO NETO,2005,1014,6.85,6.22,1258.1,53.71
527 - PARQUE SAO VICENTE X CENTRAL,1999,962,13.9,7.98,11825.65,53.51
451B - ENG. PEDREIRA - CENTRAL,1999,951,15.2,8.62,13155.4,55.73
800 - NOVA AURORA X MADUREIRA,1988,941,5.95,5.45,991.9,42.42
L2 MGR - Estação Maria da Graça - Metrô,1975,1049,7.9,6.04,3677.85,36.54
L1 AFP - Estação Afonso Pena - Metrô,1957,1106,7.9,6.21,3306.65,36.46
423 - TINGUA X PAVUNA,1925,972,5.95,5.33,1203.1,36.04
501 - ALCANTARA X CASTELO,1888,1016,15.55,8.23,13822.45,62.38
415T-MS - BARRA DA TIJUCA - MAGE,1871,959,17.95,8.26,17598.2,64.76
R1SCO - SÃO CRISTÓVÃO,1861,1032,7.6,5.87,3221.55,38.19
494 - DUQUE DE CAXIAS X PILARES (VIA CIDADE ALTA),1847,925,5.95,5.53,778.5,50.13
522 - MAGE X CENTRAL,1831,1020,19.75,8.38,20816.35,68.22
128004 - N. IGUAÇU - CAXIAS (V.TELES),1823,864,5.95,5.47,869.05,44.26
408M - Alcântara - Niterói (via Porto Velho),1821,963,6.35,5.8,999.7,50.62
L2 INH - Estação Inhaúma - Metrô,1818,972,7.9,5.93,3583.95,36.85
444L - PIABETA X PENHA,1814,906,13.4,8.62,8673.4,50.17
537R - ITAIPU - NITEROI SA,1802,886,8.1,7.31,1427.8,50.51
603ISEC - NOVA IGUAÇU - MAGÉ,1795,887,15.36,8.7,14218.7,74.28
421 - MIGUEL COUTO X PAVUNA,1774,915,5.95,5.39,998.4,36.16
L2 ERN - Estação Engenho da Rainha - Metrô,1754,970,7.9,5.94,3434.5,36.75
528 - PIABETÁ X CENTRAL (VIA IMBARIÊ),1743,978,14.75,8.05,11682.4,57.47
R1MRA - ESTAÇÃO MADUREIRA - SUPERVIA,1731,1030,7.6,5.89,2967.1,40.25
128001 - S.JOÃO X CAXIAS (METRÓPOLE),1723,814,5.95,5.24,1225.5,66.44
529MA - NITEROI X CEASA (VIA BARRO VERMELHO),1709,863,6.35,5.82,901.15,34.95
532 - SARACURUNA X CENTRAL,1676,868,14.75,8.18,11017.0,56.33
L1 PVG - Estação Presidente Vargas - Metrô,1655,950,7.9,4.76,5202.75,53.2
431I - NILOPOLIS - NOVA IGUAÇU,1644,781,5.95,5.51,720.85,54.33
L2 CNO - Estaçao Cidade Nova - metrô,1640,957,7.9,4.36,5799.65,66.38
L2 AFB - Estação Acari Fazenda Botafogo - Metrô,1629,927,7.9,6.02,3059.9,36.71
541 - NOVA IGUAÇU - PAVUNA ( VIA LIGHT),1598,859,5.95,5.15,1271.65,45.77
405T - NOVA IGUAÇU - BARRA DA TIJUCA,1589,847,14.15,8.53,8937.6,55.22
L2 TRG - Estação Triagem - Metrô,1584,952,7.9,5.95,3092.05,37.1
415T-BV - DUQUE DE CAXIAS X BARRA DA TIJUCA,1561,840,10.4,7.36,4439.0,44.46
404 IDK - DUQUE DE CAXIAS - PIABETÁ (VIA MARACANÃ),1558,856,7.79,7.44,2641.35,inf
560L - DUQUE DE CAXIAS - MÉIER (VIA JOSÉ DOS REIS),1542,811,5.95,5.37,890.6,51.61
548 - NITEROI X MARICA (VIA TRIBOBO),1533,930,13.9,9.05,7436.9,48.24
R2SCZ - ESTAÇÃO SANTA CRUZ - SUPERVIA,1517,780,7.6,6.46,1727.5,36.6
418 - PARQUE SUECIA - DUQUE DE CAXIAS,1482,774,5.95,5.24,1057.65,52.13
515M - PORTO DO ROSA - NITERÓI ( VIA PORTO VELHO ),1481,841,6.35,5.86,726.55,34.88
533 - SARGENTO RONCALI X CENTRAL (VIA PARQUE SÃO VICENTE),1464,823,13.9,7.93,8741.25,53.52
L1 SFX - Estação São Francisco Xavier - Metrô,1457,953,7.9,6.13,2573.6,36.65
111196 - GUAPIMIRIM X PRAÇA MAUA,1450,875,17.95,9.04,12915.65,62.9
492 - DUQUE DE CAXIAS X ENGENHO DA RAINHA,1443,778,5.95,5.42,769.9,51.55
516M - MUTUAPIRA - NITERÓI ( VIA DR. MARCH ),1420,859,6.35,5.9,633.55,38.67
727 - PARQUE ARARUAMA - GRAMACHO,1401,706,5.95,5.17,1096.7,72.0
415T-BS - DUQUE DE CAXIAS - BARRA DA TIJUCA,1400,789,10.4,7.11,4260.35,43.86
R3QMO - ESTAÇÃO QUEIMADOS - SUPERVIA,1384,863,7.6,5.56,2817.55,41.7
442B - CABUÇU - CENTRAL,1374,786,12.65,8.16,6169.45,48.67
R3NIU - ESTAÇÃO NOVA IGUAÇU - SUPERVIA,1373,883,7.6,5.24,3245.3,51.02
122B - C. SOARES - CENTRAL,1355,777,12.65,8.28,5920.8,47.61
L1 ESA - Estação Estácio - Metrô,1329,824,7.9,5.83,2749.6,39.64
425T - QUEIMADOS X BARRA DA TIJUCA,1308,758,17.95,9.66,10843.9,62.47
R2CGE - ESTAÇÃO CAMPO GRANDE - SUPERVIA,1300,825,7.6,6.15,1878.6,39.93
128003 - S. JOÃO - CAXIAS (MATADOURO),1293,687,5.95,5.21,950.7,48.13
501 - PRAÇA BOM PASTOR - DUQUE DE CAXIAS,1291,676,5.95,5.32,818.75,63.41
524 - MIGUEL COUTO X CENTRAL (VIA LUIS LEMOS),1280,736,13.9,7.65,7995.25,55.63
432 - NOVA IGUAÇU - BANGU,1270,767,5.95,5.52,542.3,41.24
716L - SANTA RITA - PAVUNA,1268,796,5.95,5.31,813.8,45.14
517 - MARICA X CASTELO,1268,798,19.75,9.38,13143.0,66.22
580I - TRES FONTES - PAVUNA (VIA VIA LIGHT),1260,759,5.95,5.41,677.75,36.75
447 - VALE DAS MANGUEIRAS (VIA PARQ) - DUQUE DE CAX,1248,705,5.95,5.19,950.25,66.82
547P - JARDIM PARAISO - SEPETIBA,1231,691,6.85,6.34,627.5,44.25
122Q - MAGÉ - ALCÂNTARA ( VIA ITAMBI ),1227,745,8.1,6.98,1377.05,64.15
594 - CHARITAS - LEME URB,1217,771,12.65,8.4,5170.85,50.59
2146D - MARICA - CASTELO TA,1204,820,25.93,11.18,11544.75,48.71
535 - VILA DE CAVA X CENTRAL,1203,722,13.9,7.89,7228.3,55.2
531 - RAIZ DA SERRA X CENTRAL,1178,784,14.75,8.17,7755.55,56.66
425T - QUEIMADOS - BARRA DA TIJUCA,1172,704,17.95,9.26,10184.15,63.25
546 - NITEROI X MAGE (VIA ITAMBI),1171,728,15.55,8.82,7876.05,57.1
143C - NITERÓI - NOVA IGUAÇU ( VIA PPCS/S. J. MERITI ),1169,713,15.2,9.09,7141.4,56.67
488 - DUQUE DE CAXIAS - USINA,1159,661,10.4,7.84,2966.5,37.29
133012 - CAMPO GRANDE - SANTA SOFIA,1138,686,6.85,6.43,476.35,55.19
520I - QUEIMADOS - CABUÇU,1136,656,5.95,5.11,951.8,65.56
R3EPA - ESTAÇÃO ENGENHEIRO PEDREIRA - SUPERVIA,1129,768,7.6,5.67,2183.0,37.35
449 - AMAPA - DUQUE DE CAXIAS,1119,657,5.95,5.24,795.2,68.19
137I - NOVA IGUAÇU - CAIXAS ( VIA DUTRA),1087,626,6.85,5.83,1104.6,58.21
468C - CENTRAL - PIABETÁ (VIA IMBARIÊ),1085,725,13.4,8.23,5606.8,49.87
770A - ITAIPU - CASTELO,1076,693,12.65,9.08,3840.35,46.99
483M - JARDIM CATARINA - NITERÓI ( VIA TRIBOBÓ ),1069,658,8.1,7.07,1103.85,62.23
3409M - Niterói - Trindade (via BR-101),1069,668,6.35,5.82,567.6,41.77
532M - Alcântara - Niterói (via Dr. March),1065,715,6.35,5.84,543.25,40.35
519 - GUAPIMIRIM X CENTRAL,1059,699,19.75,9.3,11066.2,66.0
110414 - JD. METROPOLES X CAXIAS,1058,611,5.95,5.17,829.55,77.46
707 - MIGUEL COUTO X OLINDA,1045,642,5.95,5.36,614.05,51.34
499 - CABUÇU - CENTRAL,1035,670,12.65,7.79,5031.6,51.66
128002 - S. JOÃO X CAXIAS (V. TELES),1034,633,5.95,5.16,820.95,54.54
704P - CAMPO GRANDE - LAGOINHA,1027,624,6.85,6.49,366.2,48.16
726 - ESTRADA DAS PEDRINHAS - SARAPUI,1026,603,5.95,5.15,818.0,60.3
128016 - J. BOTÂNICO - CASCADURA (P.BAND),1009,616,5.95,5.47,481.75,46.8
440B - QUEIMADOS - CENTRAL,999,626,15.2,8.59,6607.1,57.04
110465 - ANDORINHAS X CAXIAS,977,650,9.52,6.37,2351.4,41.03
508 - AUSTIN X CENTRAL (VIA TIO LUIZ),974,614,13.9,7.53,6201.8,56.48
489 - DUQUE DE CAXIAS - PRAÇA SAENS PEÑA (VIA PRAÇA DAS NAÇÕES),970,608,10.4,7.44,2873.8,42.45
R1DDO - ESTAÇÃO DEODORO - SUPERVIA,967,686,7.6,5.93,1612.9,40.89
193C - CENTRAL - PARACAMBI,966,629,17.95,10.09,7591.15,61.47
553 - PAVUNA - STA. MARIA,956,638,5.95,5.28,640.6,42.72
749L - MORRO AGUDO - PAVUNA (VIA LIGTH),952,634,5.95,5.29,626.35,44.8
422M - Niterói - Portão do Rosa,948,624,6.35,5.87,451.85,35.94
564L - DUQUE DE CAXIAS - VICENTE DE CARVALHO,939,579,5.95,5.37,546.2,36.28
2144R - MARICA - NITEROI TA,930,649,18.64,10.1,4614.2,35.09
595 - CHARITAS - GAVEA URB,930,663,12.65,8.57,3797.3,48.65
416T - DUQUE DE CAXIAS - BARRA DA TIJUCA (RAPIDO),922,621,10.4,7.86,2235.65,36.87
771A - PENDOTIBA X CASTELO,918,604,12.65,8.75,3575.85,48.82
133028 - ITAGUAÍ X COELHO NETO,910,590,6.85,6.12,663.25,60.14
530 - GENECIANO X NOVA IGUACU,908,573,5.95,5.31,582.9,51.83
412M - NITEROI - JARDIM SAO LOURENÇO (VIA BR-101),902,574,6.35,5.75,544.55,42.88
450TDK - NOVA IGUACU X ITACURUCA (VIA AV. BRASIL),891,573,7.77,7.35,1451.5,inf
505 - ALCANTARA X VENDA DAS PEDRAS,890,596,7.0,6.47,473.25,37.98
131I - NOVA IGUAÇU - CAXIAS (VIA LIGHT),887,545,6.85,5.98,771.35,46.15
412I - PAVUNA -SEROPÉDICA,887,581,11.15,8.17,2639.3,42.35
541R - NITERÓI X JÓQUEI (ARSENAL),886,595,6.35,5.73,552.6,38.17
R1MER - ESTAÇÃO MÉIER - SUPERVIA,877,641,7.6,6.19,1232.65,35.11
499P - CABUÇÚ - CENTRAL,877,619,12.65,7.69,4349.8,50.64
MB22 - ALCÂNTARA - TANGUÁ,865,538,6.35,5.99,314.8,50.59
110 - SÃO GONÇALO X PASSEIO ( VIA LEOPOLDINA),859,558,14.15,8.98,4438.7,52.2
409M - Alcântara - Niterói (via Trindade),842,600,6.35,5.77,488.2,47.75
565I - ENG. PEDREIRA - QUEIMADOS,839,542,5.95,5.44,431.2,58.92
530MA - NITERÓI X COLUBANDE,837,571,6.35,5.71,533.45,38.18
133002 - SANTA SOFIA - CENTRAL,834,567,14.15,9.28,4065.25,53.5
507 - NITEROI X APOLO III (V. JARDIM FLUMINENSE),825,554,8.9,7.82,891.05,19.74
492P - VILA DE CAVA X CENTRAL,819,590,12.65,7.81,3966.7,48.84
737 - BELFORD ROXO - DEODORO,818,558,5.95,5.4,452.7,37.29
809 - CHARITAS-GAVEA V.LAPA URB,815,578,12.65,8.96,3006.05,45.09
561L - DUQUE DE CAXIAS - FREGUESIA,809,530,10.4,7.97,1965.15,39.12
546 - NOVA IGUAÇU - TAQUARA(V.BRIGADA PARAQUEDISTA),792,568,5.95,5.5,352.7,36.59
512 - CAXIAS X PARADA ANGELICA,792,543,6.25,5.45,618.5,59.03
128042 - DUQUE DE CAXIAS - ITAGUAI (VIA NOVA IGUAÇU),780,551,6.85,6.22,494.5,58.22
705P - EDSON PASSOS - BANGU,768,544,6.85,6.4,343.05,67.67
561 - SÃO GONÇALO X VILA ISABEL (VIA PPCS),767,561,16.7,8.69,6143.4,62.56
403M - NITERÓI - TRINDADE ( VIA PORTO VELHO ),756,542,6.35,5.92,324.3,40.85
110125 - MAGE X CENTRAL,753,551,17.95,8.44,7158.25,65.59
509 - CAXIAS X CANGULO (BR 493),752,514,6.22,5.58,465.65,41.2
128037 - PAVUNA-SGT RONCALI (V.PAULINE),749,516,5.95,5.32,471.75,48.94
MB33SEC - ALCÂNTARA - RIO BONITO,745,498,6.95,6.95,0.0,
R3CSS - ESTAÇÃO COMENDADOR SOARES - SUPERVIA,736,566,7.6,5.77,1348.0,39.41
568L - DUQUE DE CAXIAS X PRAÇA SECA (VIA VAZ LOBO),731,514,5.95,5.39,406.55,53.8
155I - NOVA IGUAÇU - QUEIMADOS (VIA CAMORIM),730,509,5.95,5.35,438.75,47.27
526MA - NITERÓI X ANTONINA (V. PORTO DA PEDRA),727,515,6.35,5.94,299.25,27.56
404 I - DUQUE DE CAXIAS X PIABETÁ (VIA MARACANÃ),723,519,9.16,7.3,1189.4,35.19
119T - DUQUE DE CAXIAS - ITAGUAÍ (VIA BANGU/CAMPO GRANDE),719,492,9.55,6.94,1378.55,39.35
R3ATN - ESTAÇÃO AUSTIN - SUPERVIA,708,550,7.6,5.64,1389.6,39.15
543 - NITEROI X JOQUEI CLUB (VIA TRIBOBO/OASIS),708,494,7.0,6.52,339.25,25.64
4146T - TERMINAL ITAIPUAÇU - CASTELO (AC),703,540,25.25,11.21,6646.35,49.08
534 - TAQUARA X CENTRAL (VIA PARADA ANGÉLICA),699,512,14.75,8.36,4469.35,55.49
129B - NILOPOLIS - CENTRAL (V. NORMA),694,484,13.4,8.32,3523.45,49.89
513 - CAXIAS X NOVA CAMPINAS,687,495,6.23,5.61,407.65,43.67
504 - ALCANTARA X RIO BONITO,685,438,13.65,13.65,0.0,
606I - QUEIMADOS - VILAR DOS TELES (VIA DUTRA),681,466,6.85,6.16,472.65,42.59
L1 POZ - Estação Praça Onze - Metrô,670,504,7.9,5.26,1771.6,49.07
505 - CAXIAS X YPIRANGA (VIA SURUI),670,486,9.5,6.13,1467.25,40.67
R2PCA - ESTAÇÃO PACIÊNCIA - SUPERVIA,666,509,7.6,6.16,961.25,35.53
525 - NOVA AURORA X CENTRAL (VIA HELIÓPOLIS),657,455,13.9,8.09,3816.65,51.61
171001 - D. DE CAXIAS - S. J. DE MERITI( VIA V. VELHA),651,417,5.95,5.26,446.7,56.45
128041 - DUQUE DE CAXIAS - NILÓPOLIS,648,433,6.85,6.35,322.4,54.73
167014 - PRAÇA DA BANDEIRA - CENTRAL,642,427,11.15,8.23,1877.55,33.95
536 - XEREM X CENTRAL,634,450,14.75,8.93,3687.55,56.82
R1EDO - ESTAÇÃO ENGENHO DE DENTRO - SUPERVIA,629,490,7.6,6.18,891.5,36.77
R3NLS - ESTAÇÃO NILÓPOLIS - SUPERVIA,628,487,7.6,5.74,1168.85,41.34
R3JRI - ESTAÇÃO JAPERI - SUPERVIA,627,490,7.6,6.03,987.2,36.08
570DA - SANTA ROSA - PASSEIO,625,486,10.4,7.85,1595.65,41.69
141C - DUQUE DE CAXIAS - NITERÓI ( VIA PPCS ),625,461,14.15,8.32,3644.1,60.31
4144T - TERMINAL ITAIPUAÇU - NITEROI (AC),601,466,17.78,10.69,2677.5,34.22
L2 TCL - Estação Thomaz Coelho - Metrô,594,464,7.9,5.85,1218.0,36.71
100D - Niterói - Candelária,586,458,9.25,6.78,1449.35,48.21
425D - Alcântara - Campo Grande (via Vila Militar),581,434,17.95,9.92,4667.95,63.58
558 - PIABETA X PENHA,579,457,14.75,8.2,3793.6,56.28
446MA - NITEROI X ENGEMHO PEQUENO (V. MENTOR COUTO),574,389,6.35,5.82,305.65,38.82
562L - DUQUE DE CAXIAS - FREGUESIA(VIA ROCHA MIRANDA E PAU-FERRO),573,427,10.4,7.98,1386.95,40.54
128017 - VILA NORMA - CASCADURA,573,429,5.95,5.51,249.85,46.14
557 - SAO GONÇALO X PASSEIO,572,441,16.7,8.5,4692.1,60.95
569L - DUQUE DE CAXIAS X MADUREIRA (VIA ROCHA MIRANDA),568,410,5.95,5.26,391.2,53.45
128012 - N. IGUAÇU - PQ SÃO JOSÉ,560,372,5.95,5.53,233.05,50.87
R2BGU - ESTAÇÃO BANGU - SUPERVIA,557,448,7.6,6.09,839.5,36.45
113417D - CACUIA - VILAR DOS TELES,554,411,8.28,7.61,1577.4,inf
128007 - S. VICENTE - CAXIAS,549,388,5.95,5.38,315.2,47.3
2425D - Alcântara - Campo Grande (via Vila Militar),545,430,20.05,10.57,4606.95,58.67
540R - JOQUEI - NITEROI SA,543,403,6.35,5.68,365.35,35.73
740D - CHARITAS - IPANEMA,542,431,12.65,8.39,2308.3,49.18
128027 - PAVUNA - STA. TEREZA,541,375,5.95,5.49,247.75,49.57
423 - SÃO GONÇALO X VILA IZABEL,537,398,14.15,9.44,2526.6,49.19
559B - PARQUE SÃO VICENTE - CENTRAL,532,388,13.4,7.8,2980.55,51.85
620 - N.IGUACU X N.AURORA (ITAIPU),530,384,5.95,5.47,253.0,55.22
MB14SEC - CACHOEIRAS X ITABORAI,529,368,10.33,10.33,0.0,
514 - DUQUE DE CAXIAS X CAMPO GRANDE (VIA EDEN),526,388,11.45,8.14,1742.1,48.3
430M - CABUÇU - NITERÓI,526,399,8.1,7.24,450.75,41.53
536MA - NITERÓI X SAO GONÇALO(VIA BOA VISTA CIRCULAR),524,397,6.35,5.99,189.65,31.44
400M - Bairro das Palmeiras - Niterói (via Nova Cidade),523,404,6.35,5.91,228.2,41.31
630I - NOVA IGUAÇU-XAVANTE (VIA HELIÓPOLIS),522,372,5.95,5.44,265.3,39.46
106P - PARACAMBI - NOVA IGUAÇU,519,389,9.25,7.65,830.4,27.71
607I - NOVA IGUAÇU - B. PARAÍSO (VIA AUSTIN E GUIM.),518,382,5.95,5.34,317.3,56.13
417T - XEREM - BARRA DA TIJUCA,513,379,14.15,8.87,2708.05,51.87
518B - CENTRAL - HELIOPOLIS,507,395,12.65,7.87,2422.35,48.85
401M - Luiz Caçador - Niterói (via Porto Velho),506,399,6.35,5.94,207.0,44.65
757M - ALCÂNTARA - VENDA DAS PEDRAS,503,374,6.35,6.0,178.0,44.49
420T - MESQUITA - NILOPOLIS X BARRA DA TIJUCA,502,356,13.4,9.57,1921.7,43.59
800 - MAGE X CANECA FINA,499,351,8.1,7.09,501.95,84.89
400T - BELFORD ROXO - BARRA DA TIJUCA,487,371,12.65,7.9,2311.15,52.35
708I - MIGUEL COUTO X PAVUNA (METRO) VIA DUTRA,484,379,5.95,5.52,208.3,29.67
121Q - MAGÉ - NITERÓI ( VIA ITAMBI ),480,387,13.44,8.41,2753.5,inf
128029 - NILOPÓLIS - PAVUNA (TOMAZINHO),474,348,5.95,5.36,278.75,45.49
MP74DK - PATY - JAPERI,465,334,11.13,11.13,0.0,
128025 - PAVUNA - J.BOM PASTOR,462,350,5.95,5.15,369.6,48.16
400T - BELFORD ROXO X BARRA DA TIJUCA,460,366,12.65,8.53,1895.05,46.24
479B - MESQUITA - CENTRAL (VIA EDSON PASSOS),458,349,13.4,9.09,1972.8,43.94
543 - NOVA IGUAÇU - MEIER (ENG. DENTRO),442,363,5.95,5.6,155.7,25.65
567D - CANDELÁRIA - VENDA DAS PEDRAS ( VIA PPCS ),438,347,15.2,8.97,2728.7,55.92
535 - ALCÂNTARA X ESTÁCIO,438,347,14.15,8.36,2534.1,53.94
124B - NILOPOLIS - PASSEIO ( VIA PARADA DE LUCAS),432,324,13.4,8.81,1984.85,50.21
R3MQA - ESTAÇÃO MESQUITA - SUPERVIA,432,362,7.6,5.67,833.8,39.04
R5GRM - ESTAÇÃO GRAMACHO - SUPERVIA,429,368,7.6,5.12,1065.4,49.89
407T - NOVA IGUAÇU X RECREIO (VIA TRANSOLÍMPICA),425,300,14.15,9.14,2128.1,51.33
R2IBA - ESTAÇÃO INHOAÍBA - SUPERVIA,424,356,7.6,6.03,666.75,34.27
R3EPS - ESTAÇÃO EDSON PASSOS - SUPERVIA,423,349,7.6,5.95,696.1,35.23
751L - MORRO AGUDO - PAVUNA (VIA COSMORAMA),413,326,5.95,5.39,231.05,46.79
544P - NILOPOLIS - SEROPEDICA,412,323,6.85,6.42,178.65,72.44
133009 - CAMPOR GRANDE - ILHA DA MADEIRA,409,308,6.85,6.53,129.85,54.16
128038 - NOVA AURORA - MADUREIRA,405,327,5.95,5.37,235.35,62.78
175I - BELFORD ROXO - QUEIMADOS (VIA DUTRA),404,299,6.85,5.87,397.8,59.26
478B - MESQUITA - CENTRAL (VIA CHATUBA),403,321,10.85,7.43,1377.4,50.55
1721D - ALCÂNTARA - CANDELÁRIA,403,325,18.52,9.84,2452.8,42.77
205 - N.IGUACUXB.ROXO (PIAM),401,316,5.95,5.21,297.9,55.02
R5CXS - ESTAÇÃO DUQUE DE CAXIAS - SUPERVIA,398,335,7.6,5.46,851.0,49.99
128021 - J.NOVO RIO - CASCADURA,395,307,5.95,5.65,120.45,26.99
520DA - J. ALCÂNTARA X ESTÁCIO (V. DR MARCH),390,314,14.15,8.28,2287.85,57.13
R2CMS - ESTAÇÃO COSMOS - SUPERVIA,388,321,7.6,6.07,593.95,34.28
112417 - PCA XV X VILAR DOS TELES,387,301,11.15,7.97,1229.1,36.87
R1MHS - ESTAÇÃO MARECHAL HERMES - SUPERVIA,387,310,7.6,6.03,608.8,35.44
530 - QUEIMADOS - RIO DE JANEIRO,384,318,16.7,8.67,3083.05,61.13
434L - NOVA IGUAÇU - TAQUARA,373,306,5.95,5.59,136.0,40.1
133024 - CABUÇU - COELHO NETO,363,300,6.85,6.29,203.95,54.14
489M - NITERÓI - APOLO III ( VIA BR-101 ),359,311,8.1,7.14,344.7,59.94
508 - AUSTIN - CENTRAL (VIA TIO LUIZ),353,295,13.9,7.82,2145.2,57.16
105P - PARACAMBI - NOVA IGUAÇU,349,273,6.85,6.18,235.25,81.77
437P - CAMPO LINDO - PARACAMBI,348,257,6.35,6.09,88.75,73.56
492 - CENTRAL - VILA DE CAVA,345,286,12.65,7.48,1783.5,53.2
570I - ENG. PEDREIRA - QUEIMADOS (V. STA AMELIA),338,235,5.95,5.54,137.1,41.15
703A - SANTA ROSA - VILA ISABEL,338,266,12.65,9.23,1157.35,46.21
121T - DUQUE DE CAXIAS - ITAGUAÍ,337,280,9.37,7.54,412.85,30.0
431-M - CABUÇU - ALCÂNTARA,337,275,6.35,5.95,135.35,31.81
728M - ALCÂNTARA - ITAMBI,337,282,6.35,5.66,181.95,51.17
206I - NOVA IGUAÇU - BELFORD ROXO (VIA EST. IGUAÇU),336,277,5.95,5.43,175.7,31.41
466C - SAO FRANCISCO DO CROARA - CENTRAL,335,285,17.95,8.82,3058.35,62.18
110465D - ANDORINHAS - CAXIAS,330,276,7.61,6.72,692.85,inf
134B - NOVA IGUAÇU - VILA ISABEL,324,268,12.65,8.46,1358.95,47.53
540 - NITEROI X ITAMBI,322,261,14.75,9.04,1837.3,54.15
709A - CHARITAS - CASTELO,321,272,10.4,7.43,953.8,43.67
MB10SEC - ITABORAÍ - RIO BONITO,315,242,7.07,7.07,0.0,
551 - NITEROI X PORTAO DO ROSA,311,255,7.0,6.77,72.8,14.65
508 - AUSTIN - RIO DE JANEIRO,310,260,13.9,7.73,1914.05,55.3
780 - SAO FRANCISCO X MESQUITA,310,258,5.95,4.9,324.8,54.59
562I - AUSTIN - PAVUNA,308,261,5.95,5.33,189.95,38.01
R5SAR - ESTAÇÃO SARACURUNA - SUPERVIA,305,276,7.6,5.96,499.25,34.57
533D - Alcântara - Méier (via PPCS),305,240,15.2,9.82,1641.2,56.24
527 - PARQUE SAO VICENTE - CENTRAL,303,255,13.9,8.08,1763.55,53.53
P412 - AVELAR - GOVERNADOR PORTELA VIA VISTA ALEGRE,301,224,6.85,6.85,0.0,
411N - IMBARIE X PETROPOLIS,298,239,10.32,10.32,0.0,
495L - DUQUE DE CAXIAS X PENHA,295,250,5.95,5.39,165.65,56.82
2100D - Niterói - Castelo,292,249,9.25,6.48,807.7,46.2
536 - XERÉM - RIO DE JANEIRO,291,254,14.75,8.92,1695.5,52.49
2740D - CHARITAS - IPANEMA,290,249,16.65,16.65,0.0,
167004 - CENTRAL - EDEN,285,239,11.15,8.65,713.6,33.33
133001 - ITAGUAI - CENTRAL,284,246,14.15,9.67,1272.8,56.58
128028 - NILÓPOLIS - PAVUNA (ÉDEN),278,233,5.95,5.37,160.25,45.65
1900T - CONCEIÇÃO DE JACAREÍ - D. DE CAXIAS (VIA C. GRANDE/BR-101),275,186,31.07,31.07,0.0,
904T - DUQUE DE CAXIAS - SANTA CRUZ - SAC,274,216,10.4,8.36,559.05,36.57
218 - Macaé x Unamar,273,155,18.65,18.65,0.0,
267 - MACAE-CABO FRIO  CONV,272,206,19.55,19.55,0.0,
705I - MIGUEL COUTO - EDSON PASSOS (VIA DUTRA),272,220,5.95,5.56,105.25,61.0
1941D - NITERÓI - NOVA IGUAÇU ( VIA PPCS/DUTRA ),269,231,23.0,23.0,0.0,
521 - CENTRAL X ITAGUAI,266,213,15.55,9.7,1556.95,58.9
518 - COMENDADOR SOARES X CENTRAL (VIA RUA BARROS JÚNIOR),266,237,13.9,7.85,1608.3,56.72
R2RLO - ESTAÇÃO REALENGO - SUPERVIA,266,242,7.6,6.26,355.9,34.43
605I - AUSTIN-QUEIMADOS (VIA GUIMARAES),261,210,5.95,5.56,100.6,31.9
428 - CABRAL - COMENDADOR SOARES,259,218,5.95,5.57,99.35,55.66
R3PJO - ESTAÇÃO JUSCELINO - SUPERVIA,259,227,7.6,5.74,481.2,39.33
519M - FAZENDA DOS MINEIROS - NITERÓI ( VIA BR-101 ),257,221,6.35,5.63,183.9,55.69
564T - DUQUE DE CAXIAS - CAMPO GRANDE (VIA PARADA DE LUCAS),257,226,10.4,8.12,586.4,38.89
480M - NITERÓI - APOLO III ( VIA MARAMBAIA ),253,219,8.1,6.79,331.5,62.96
529 - IPIRANGA X CENTRAL,253,230,19.75,8.69,2797.8,67.46
714 - PONTO CHIC - BARRO VERMELHO,251,209,5.95,5.54,102.3,49.12
436S - ITAGUAI - SANTA SOFIA,247,187,6.35,5.86,119.8,82.03
B105SEC - ARARUAMA - RIO BONITO,240,197,10.06,10.06,0.0,
710I - QUEIMADOS - PAVUNA,239,206,8.1,6.66,345.0,72.19
R3RAE - ESTAÇÃO RICARDO DE ALBUQUERQUE - SUPERVIA,238,219,7.6,5.94,394.95,35.59
617 - CHARITAS - AEROPORTO INTERNACIONAL,231,206,12.65,8.02,1069.95,50.35
640I - QUEIMADOS - ENGº. PEDREIRA,230,169,5.95,5.2,172.85,72.63
535 - BABI X NOVA IGUACU,229,183,5.95,5.43,120.1,53.12
558 - PIABETÁ x PENHA,228,206,14.75,8.54,1415.45,53.02
525 - VILA DE CAVA X BELFORD ROXO,225,199,5.95,5.37,129.65,44.47
114417 - PQ. SAO JOSE X PCA MAUA,224,196,12.65,8.32,970.0,42.13
"516I - NILOPOLIS - KM 2,5 (VIA SHOPPING)",223,178,5.95,5.56,86.9,54.09
561I - SANTA RITA - PAVUNA ( VIA PONTO CHIC ),219,199,5.95,5.44,112.5,60.99
R1BRO - ESTAÇÃO BENTO RIBEIRO - SUPERVIA,219,200,7.6,5.89,375.55,34.32
R1ENO - ESTAÇÃO ENGENHO NOVO - SUPERVIA,218,199,7.6,5.94,362.4,37.55
542R - ANAIA - NITEROI SA,217,182,6.35,5.77,126.6,52.46
128009 - N. IGUAÇU - CAXIAS (V.PAULINE),215,182,5.95,5.34,130.95,73.36
523MA - NITEROI X PRAIA PEDRINHAS,211,188,6.35,5.79,118.95,56.76
546R - MARICA - RIO DO OURO (M-AP),209,173,6.85,6.55,61.7,40.95
R1PIE - ESTAÇÃO PIEDADE - SUPERVIA,207,190,7.6,5.99,332.6,34.46
R1RCO - ESTAÇÃO RIACHUELO - SUPERVIA,207,189,7.6,6.04,322.4,34.21
R1CDA - ESTAÇÃO CASCADURA - SUPERVIA,205,181,7.6,6.05,317.2,37.26
522B - CENTRAL - PQ. SAO VICENTE,204,176,12.65,8.37,873.75,44.85
500 - SÃO GONÇALO X ALDEIA DA PRATA,201,181,7.0,6.32,137.55,41.81
570P - ITAGUAÍ - MARECHAL HERMES,201,175,5.95,5.76,37.9,22.75
517M - FAZENDA DOS MINEIROS - NITERÓI ( VIA PORTO VELHO ),200,184,6.35,5.6,149.6,54.79
"455U - ITAGUAÍ - MURIQUI ""SA""",200,162,8.1,7.38,144.5,81.09
R2AVS - ESTAÇÃO AUGUSTO VASCONCELOS - SUPERVIA,198,172,7.6,6.27,263.45,34.66
167002 - CENTRAL - VILA TIRADENTES,198,176,11.15,8.42,541.15,35.17
"457UD - CONCEIÇÃO DE JACAREÍ - ITAGUAÍ (VIA MANGARATIBA) ""SAC""",197,171,8.64,8.3,236.95,inf
128030 - NILÓPOLIS X SHOPPING GRANDE RIO (VIA PORTUGAL,197,161,5.95,5.41,106.8,52.79
R1OCZ - ESTAÇÃO OSWALDO CRUZ - SUPERVIA,196,174,7.6,6.11,292.35,34.35
556C - JARDIM DO YPE - CENTRAL (VIA W. LUIZ),188,161,13.4,7.66,1079.9,53.37
590M - Niterói - Amendoeiras (via Tribobó),188,161,8.1,7.12,183.5,59.61
546 - MAGE - NITEROI,186,167,15.55,9.26,1169.15,55.29
R2MBS - ESTAÇÃO MAGALHÃES BASTOS - SUPERVIA,185,157,7.6,6.13,272.3,37.71
470 - TAQUARA X CENTRAL (VIA PARADA ANGELICA],184,169,13.4,8.31,936.05,49.54
520 - HELIÓPOLIS X CENTRAL (VIA ANDRADE ARAÚJO),184,160,13.9,8.41,1010.25,53.05
524B - CENTRAL - NOVA AURORA,184,171,12.65,7.35,974.65,52.06
3400M - Bairro das Palmeiras - Niterói (via BR-101),183,163,6.35,5.9,81.6,55.87
121 - Itaguaí - Conceição de Jacareí - VIA BR-101,183,115,22.35,13.92,1542.85,67.67
R3OLA - ESTAÇÃO OLINDA - SUPERVIA,180,168,7.6,5.96,296.0,35.73
R3LAJ - ESTAÇÃO LAGES - SUPERVIA,179,159,7.6,6.03,280.8,34.21
R2GSA - ESTAÇÃO GUILHERME DA SILVEIRA - SUPERVIA,179,167,7.6,6.37,221.0,34.21
CAXIAS - PETRÓPOLIS -  DUQUE DE CAXIAS,179,151,12.8,12.8,0.0,
MP70DK - MIGUEL PEREIRA - TRES RIOS,178,150,8.64,8.64,0.0,
445MA - ENGENHO PEQUENO - NITEROI (VIA MENTOR COUTO),172,155,6.35,5.78,98.8,53.65
R3ATA - ESTAÇÃO ANCHIETA - SUPERVIA,169,157,7.6,5.95,278.35,35.56
459B - QUEIMADOS - PENHA,168,144,8.1,6.74,228.4,76.21
111418 - JD. REDENTOR X MAUA,167,144,12.65,8.56,682.7,44.6
110417 - VILAR DOS TELES X CENTRAL,166,147,11.15,8.08,509.9,39.42
521D - ALCÂNTARA - CANDELÁRIA,164,155,14.15,8.32,956.1,51.58
535R - V.DAS MOCAS - NITEROI SA,164,149,8.1,7.32,128.15,46.53
546 - Niteroi - Mage (Via Itambi),161,147,15.55,8.21,1181.45,57.56
571 - N. CAMPINAS X CENTRAL,160,145,13.4,8.89,721.6,49.4
R2STO - ESTAÇÃO SANTÍSSIMO - SUPERVIA,159,149,7.6,6.29,208.55,35.18
R2TNS - ESTAÇÃO TANCREDO NEVES - SUPERVIA,151,138,7.6,6.09,228.2,34.91
133B - NOVA IGUACU - CENTRAL,151,136,10.12,7.49,403.4,41.81
2520VTA - JARDIM ALCANTARA - ESTACIO,149,134,16.9,10.23,806.05,44.55
DOL138 - Valença - Barra Mansa (via Volta Redonda),147,19,31.18,31.18,0.0,
120 I - BELFORD ROXO - NOVA IGUAÇU,146,126,5.95,5.53,62.0,61.29
558 - TRES RIOS X PARAIBA DO SUL,146,119,5.3,5.3,0.0,
R2SCA - ESTAÇÃO SENADOR CAMARÁ - SUPERVIA,145,135,7.6,5.96,237.75,34.38
426M - ITAMBI - NITERÓI ( VIA BR-101 ),144,130,13.4,9.17,589.6,43.13
128018 - COSMORAMA - CASCADURA,143,129,5.95,5.55,57.6,44.0
471C - SARACURUNA - PASSEIO,142,132,13.4,8.93,634.1,46.39
121TD - DUQUE DE CAXIAS - ITAGUAÍ,141,127,8.08,7.79,252.2,inf
5460 - BARRA DA TIJUCA - ITAGUAÍ,141,126,20.0,20.0,0.0,
R1QTO - ESTAÇÃO QUINTINO - SUPERVIA,140,128,7.6,6.07,214.35,34.39
R1SFX - ESTAÇÃO SÃO FRANCISCO XAVIER - SUPERVIA,140,134,7.6,5.88,241.5,34.54
610I - AUSTIN-QUEIMADOS (VIA INCONFIDENCIA),138,120,5.95,5.42,73.8,65.28
500R - MARICA - ALCANTARA SAC,138,116,12.65,7.98,645.1,48.57
416M - MANILHA - NITERÓI (VIA NOVO HORIZONTE/PLANALTO DO MARAMBAIA),137,127,8.1,7.08,139.3,53.74
675 I - NOVA IGUAÇU - BNH (VIA MESQUITA),137,114,5.95,5.51,60.6,56.58
486 - XEREM X PASSEIO (CENTRAL),136,120,13.4,8.87,616.05,50.52
651 - FRIBURGO - MACUCO URB.,136,119,12.38,12.38,0.0,
B100 - RIO BONITO - SAQUAREMA,135,102,11.0,11.0,0.0,
407DKA - CAXIAS - RAIZ DA SERRA,133,118,4.51,4.53,109.3,inf
R1PBA - ESTAÇÃO PRAÇA DA BANDEIRA - SUPERVIA,132,125,7.6,5.6,263.8,38.14
DOL187 - Rio de Janeiro - Teresópolis,131,47,40.24,40.24,0.0,
"458S - CAMPO GRANDE - ITAGUAÍ (VIA AV. BRASIL/BR101) ""SA""",128,117,5.95,5.48,59.85,59.17
DOL21 - Campos - Miracema,128,19,18.48,18.48,0.0,
3721D - ALCÂNTARA - BOTAFOGO,128,120,17.88,9.32,785.85,41.69
560I - JACERUBA - QUEIMADOS,128,94,5.95,5.55,51.55,57.76
550 - NILOPOLIS X CENTRAL (VIA VILA NOVA),127,112,14.75,8.89,743.95,55.42
523B - CENTRAL - SGT. RONCALI (VIA PQ.SAO VICENTE),125,117,12.65,8.9,469.0,40.3
728D - SANTA ISABEL - CANDELÁRIA,123,115,15.2,9.03,758.85,48.0
217 - Macaé x São Pedro da Aldeia,122,89,30.65,30.65,0.0,
556 - TRES RIOS X POSSE,121,83,6.17,6.17,0.0,
122 - Itaguaí - Itacuruça - VIA BR-101,119,99,7.55,7.24,36.7,60.76
666 - FRIBURGO-S.S.DO ALTO URB,119,108,12.52,12.52,0.0,
"457U - CONCEIÇÃO DE JACAREÍ - ITAGUAÍ (VIA MANGARATIBA) ""SAC""",119,108,10.03,8.38,166.25,60.76
81 - CHARITAS - BARRA DA TIJUCA (VIA JARDIM BOTÂNICO) SAC,119,114,15.2,9.53,675.3,54.85
526B - CENTRAL - ITAIPU,118,106,12.65,8.4,502.0,40.91
702B - AUSTIN X MERCADO SAO SEBASTIAO,117,110,5.95,5.41,63.4,59.2
210 - Araruama - Macaé - VIA RJ-106,117,79,41.75,41.75,0.0,
DOL155 - Rio de Janeiro - Petrópolis,117,57,35.79,35.79,0.0,
R5JPA - ESTAÇÃO JARDIM PRIMAVERA - SUPERVIA,114,107,7.6,5.94,189.8,34.21
5400M - Niterói - Nova Cidade (via BR-101),114,108,6.35,5.84,57.7,36.34
128011 - N. IGUAÇU - SGT. RONCALI,114,101,5.95,5.61,39.05,93.76
218 - MACA? - UNAMAR,111,64,18.65,18.65,0.0,
R2PML - ESTAÇÃO PADRE MIGUEL - SUPERVIA,109,104,7.6,6.28,144.15,34.49
587M - SÃO GONÇALO - VENDA DAS PEDRAS,109,101,6.35,5.88,51.2,53.75
117T - CAXIAS X MANGARATIBA (VIA CAMPO GRANDE),107,99,8.1,7.65,48.35,74.61
L4 GOS2 - Estação General Osório 2,106,97,7.9,6.31,168.2,36.71
R1SPO - ESTAÇÃO SAMPAIO - SUPERVIA,106,98,7.6,5.91,179.4,34.21
MB15D - CACHOEIRA DE MACACU X MAGE,105,86,10.14,10.14,0.0,
600N - BAIRRO VONA - CENTRAL,104,97,5.95,5.64,32.7,36.64
559 - RIO BONITO X PRAÇA XV,104,84,28.75,28.75,0.0,
423M - Niterói - Portão do Rosa (via BR-101),103,98,6.35,5.05,134.1,44.93
165 - MACAE - QUISSAMA (VIA CARAPEBUS) AC,103,81,15.55,15.55,0.0,
119TD - DUQUE DE CAXIAS - ITAGUAÍ,103,101,6.76,6.96,292.6,inf
511 - CAXIAS X PARQUE PAULISTA,102,96,6.21,5.78,41.7,65.67
552 - NITEROI X RIO BONITO,102,87,23.0,23.0,0.0,
817 - CHARITAS - IPANEMA AC,101,91,16.65,16.65,0.0,
R2BME - ESTAÇÃO BENJAMIM DO MONTE - SUPERVIA,101,93,7.6,6.31,130.0,34.21
201 - Magé x Teresópolis,100,81,18.55,18.55,0.0,
550M - NITERÓI - SÃO PEDRO,99,92,8.1,7.01,107.9,70.11
520B - SÃO FRANCISCO - CENTRAL,99,90,12.65,8.76,385.45,43.53
R5CT8 - CORTE 8,98,96,7.6,5.79,177.2,35.87
637T - XEREM X LEBLON,97,93,14.15,8.71,527.45,55.64
491P - AUSTIN - CENTRAL,96,90,12.65,8.88,362.35,40.34
471 - TAQUARA X CENTRAL (VIA JARDIM ANHANGA),95,87,13.4,7.87,525.15,52.96
131 - Cabo Frio - Rio das Ostras - VIA RJ-140/RJ-106,94,50,24.1,24.1,0.0,
621 - N.IGUACU X N.AURORA (AV GLORIA),94,89,5.95,5.13,76.65,64.41
R5TGM - TRIAGEM,93,90,7.6,5.7,177.1,36.41
R3PCI - ESTAÇÃO PARACAMBI - SUPERVIA,93,89,7.6,6.39,112.5,35.24
111 - Avelar - Governador Portela - VIA RJ-125,93,87,7.55,7.55,0.0,
111416 - JD. GRAMACHO X CENTRAL,92,83,9.25,7.74,139.15,25.07
490P - MIGUEL COUTO - CENTRAL,90,86,12.65,7.41,471.7,54.04
216 - Macaé x Rio das Ostras,89,81,13.2,13.2,0.0,
571R - NITERÓI - ENGENHO DO ROÇADO,89,79,6.35,6.09,23.05,45.37
1000 - CONCEICAO DE MACABU X MACAE,87,73,14.2,14.2,0.0,
417M - MANILHA - NITERÓI ( VIA BR-101 ),85,83,8.1,7.32,66.55,34.23
536R - NITEROI - V.DAS MOCAS M.PAULA SA,85,76,8.1,7.53,48.45,85.45
493P - PONTO CHIC - CENTRAL,85,83,12.65,8.57,346.75,39.16
R4BRX - ESTAÇÃO BELFORD ROXO - SUPERVIA,84,81,7.6,5.77,153.4,42.94
DOL302 - Rio de Janeiro - Macaé (via RJ-104),84,38,68.32,68.32,0.0,
538 - DUQUE DE CAXIAS X NITEROI (V. RODOV. NOVO RIO),83,79,15.55,8.02,625.3,60.93
DOL298 - Rio de Janeiro - Campos (via PPCS/via Expressa),82,38,92.6,92.6,0.0,
584 - NITEROI X ARARUAMA AC,81,76,51.6,51.6,0.0,
110503 - VILA SÃO LUIZ - CENTRAL,80,76,9.25,7.46,142.95,24.53
524MA - NITEROI X PONTAL,79,74,6.35,5.75,47.2,57.17
DOL43 - Nova Friburgo - Duas Barras,78,9,13.4,13.4,0.0,
"122T - ITAGUAÍ - MANGARATIBA ""SA""",78,70,8.1,7.36,57.9,89.35
608I - N. IGUAÇU-NS DO ROSÁRIO (V.MARILÉIA E AUSTIN),77,75,5.95,5.49,35.1,65.55
502 - ALCANTARA X CURUZU,76,73,7.0,6.52,36.25,57.54
103C - DUQUE DE CAXIAS - PRAÇA MAUÁ (VIA 25 AGOSTO),75,75,9.25,8.05,89.8,18.32
R5BCO - ESTAÇÃO BONSUCESSO - SUPERVIA,75,71,7.6,5.98,121.7,35.58
211 - Armação dos Búzios - Macaé - VIA RJ-102/RJ-106,74,53,32.0,32.0,0.0,
4144R - NITEROI - ITAIPUACU TA,74,72,18.97,10.11,367.85,34.65
MB36 - ALCÂNTARA - ITABORAÍ,72,65,6.35,5.41,16.85,88.45
112 - Avelar - Miguel Pereira - VIA RJ-125,72,64,5.85,5.85,0.0,
124 - Itaguaí - Muriqui - VIA BR-101,72,64,8.9,7.74,83.5,37.53
500R - MARICÁ X ALCÂNTARA SAC,71,70,12.65,9.36,233.65,36.94
730-DA - CHARITAS - CASTELO VIA FONSECA,71,64,10.4,8.1,163.0,40.19
211 - ARMACAO DOS BUZIOS X MACAE - VIA RJ-102/RJ-106,70,50,32.0,32.0,0.0,
DOL46 - Nova Friburgo - Itaperuna,70,10,10.57,10.57,0.0,
213 - Cabo Frio - Macaé - VIA RJ-140/RJ-106,69,50,36.7,36.7,0.0,
725-DA - FONSECA - SÃO CRISTÓVÃO,69,68,10.4,8.54,128.05,34.2
460I - NOVA IGUACU X DELAMARE,67,63,5.95,5.44,34.4,64.24
R5PHA - ESTAÇÃO PENHA - SUPERVIA,67,62,7.6,5.87,115.7,41.14
2100 - TERESOPOLIS X GUAPIMIRIM SA,67,63,9.55,9.55,0.0,
1400 - TERESOPOLIS X MAGE,66,61,13.15,13.15,0.0,
134 - Casimiro de Abreu - Rio das Ostras - VIA BR-101/RJ-162,64,47,15.05,15.05,0.0,
DOL140 - Rio de Janeiro - Petrópolis,64,37,37.66,37.66,0.0,
212 - Barra de São João - Macaé - VIA RJ-106,64,58,16.35,16.35,0.0,
R2VMR - ESTAÇÃO VILA MILITAR - SUPERVIA,62,59,7.6,6.57,63.55,34.84
109 - Arcozelo - Governador Portela - VIA RJ-125,62,59,6.7,6.7,0.0,
R5RMS - ESTAÇÃO RAMOS - SUPERVIA,61,58,7.6,6.13,89.55,34.66
488P - BOA ESPERANÇA - CENTRAL,61,57,12.65,9.41,197.4,33.2
4146D - ITAIPUACU - CASTELO TA,60,57,22.29,13.77,471.4,51.82
554I - CAXIAS X MANTIQUEIRA,59,56,6.22,5.86,20.9,54.86
554 - NITERÓI X VÁRZEA DAS MOÇAS (VIA TRIBOBÓ),59,58,8.9,8.19,41.75,13.03
156 - MACAE - QUISSAMA (VIA CARAPEBUS),58,57,11.46,11.46,0.0,
479I - NOVA IGUAÇU - P. DE LUCAS ( VIA DEORORO),57,55,5.95,5.21,42.25,71.01
600M - TANGUÁ - ITABORAÍ (VIA POSSE),57,39,5.95,5.73,12.55,70.31
200 - Guapimirim x Teresópolis,57,55,10.5,10.5,0.0,
131 - CABO FRIO - RIO DAS OSTRAS,55,30,24.1,24.1,0.0,
415TMS2 - BARRA DA TIJUCA - MAGE,55,54,17.95,10.0,311.75,62.03
592I - JAPERI - PAVUNA,55,52,8.1,7.04,58.2,79.83
128015 - J. BOTÂNICO - CASCADURA (PREF),54,53,5.95,5.09,46.25,55.52
R5MGS - ESTAÇÃO MANGUINHOS - SUPERVIA,54,51,7.6,5.82,96.2,34.21
115 - Conceição de Macabu x Macaé;,54,40,15.55,15.55,0.0,
585I - NOVA IGUAÇU - JACERUBA,53,46,5.95,5.63,16.7,56.13
562 - PETROPOLIS X SAO JOSE A,52,47,16.78,16.78,0.0,
815 - MAGE X VALE DAS PEDRINHAS,51,46,5.95,5.32,32.35,77.67
515I - QUEIMADOS - CAMPO ALEGRE,50,42,5.95,5.5,22.45,62.89
DOL31 - Itaperuna - Campos (via Cardoso Moreira),50,7,30.97,30.97,0.0,
670 - C.DE MACACU - FRIBURGO URB,49,42,16.3,16.3,0.0,
303 - Cabo Frio - Rio de Janeiro - VIA RJ-106,48,19,66.6,66.6,0.0,
B110 - RIO BONITO - SILVA JARDIM ( VIA BR-101 ),48,39,10.0,10.0,0.0,
438P - CACARIA - SEROPÉDICA,48,31,6.25,6.25,0.0,
206 - Arcozelo - Japeri - VIA RJ-125,48,30,20.8,20.8,0.0,
DOL23 - Campos - Nova Friburgo (via Ibipeba),47,7,11.85,11.85,0.0,
DOL173 - Teresópolis - Magé,46,23,16.41,16.41,0.0,
805 - MAGE X PARAISO,45,44,8.1,7.92,8.1,100.0
DOL310 - Rio de Janeiro - Nova Friburgo (via PPCS/via Expressa),44,17,58.01,58.01,0.0,
DOL167 - Castelo - Petrópolis,44,11,34.54,34.54,0.0,
128005 - J. BOTÂNICO - CAXIAS,44,42,5.95,4.69,55.6,71.88
NIGUACU - PETRÓPOLIS - NOVA IGUAÇU,44,43,16.12,16.12,0.0,
DOL26 - Campos - São Fidélis (via Ernesto Machado),43,4,20.9,20.9,0.0,
461I - NOVA IGUACU X FABRICA DE POLVORA,43,43,5.95,5.39,24.15,57.98
703-M - MANILHA - LARGO DA IDEIA ( VIA ESTRADA DO SAPÊ ),42,40,6.35,5.69,27.8,54.72
R5ORA - ESTAÇÃO OLARIA - SUPERVIA,41,39,7.6,6.11,60.95,34.87
DOL160 - Nova Iguaçu - Petrópolis,41,18,21.16,21.16,0.0,
565 - ANDRADE PINTO X TRES RIOS,40,40,5.39,5.39,0.0,
104C - CAXIAS - PRAÇA MAUÁ (CAIS PORTO\VIGÁRIO GERAL SEM AR),40,40,9.25,6.57,107.15,41.37
123 - Itaguaí - Mangaratiba - VIA BR-101,39,37,8.9,8.6,11.7,14.6
R5CES - ESTAÇÃO CAMPOS ELÍSIOS - SUPERVIA,39,36,7.6,6.02,61.55,35.21
683 - C.DE MACACU - FRIBURGO LIGHT,38,37,16.3,16.3,0.0,
100R - MARICA - ITABORAI (VIA RJ-114) SAC,37,34,12.65,10.66,73.8,32.41
DOL321 - Rio de Janeiro - Saquarema,37,7,39.73,39.73,0.0,
200 - N.IGUACUXB.ROXO (AREIA BRANCA),36,35,5.95,5.56,14.1,59.24
179 - CHARITAS X GALEAO,35,34,12.65,8.73,137.35,57.15
301 - Araruama - Rio de Janeiro - VIA RJ-106,35,22,50.5,50.5,0.0,
DOL241 - Macaë - Campos (via RJ-106),35,16,48.8,48.8,0.0,
599I - MIGUEL COUTO X PAVUNA,34,34,5.95,5.11,28.6,68.67
208 - Carapebus x Rio das Ostras,33,33,13.2,13.2,0.0,
P700 - ARCOZELO X GOVERNADOR PORTELA,33,32,6.1,6.1,0.0,
R5VGL - ESTAÇÃO VIGÁRIO GERAL - SUPERVIA,33,33,7.6,6.02,52.0,34.21
DOLN450 - Campos - Grussai (Via Lagoa) - Sa,32,8,13.21,13.21,0.0,
DOL380 - Rio de Janeiro - Arraial do Cabo,32,16,75.71,75.71,0.0,
DOL375 - RIO DE JANEIRO - PARAÍBA DO SUL,31,6,43.92,43.92,0.0,
DOL78 - Rio de Janeiro - Barra Mansa (via C. Grande e Volta Redonda),31,15,36.43,36.43,0.0,
R5PLS - ESTAÇÃO LUCAS - SUPERVIA,30,29,7.6,5.67,57.85,38.06
R5BPA - ESTAÇÃO BRÁS DE PINA - SUPERVIA,30,30,7.6,5.87,51.8,35.87
DOL8 - Nova Iguaçu - Angra dos Reis,30,8,54.07,54.07,0.0,
302 - Araruama - Niterói - VIA RJ-106,30,23,43.3,43.3,0.0,
765I - PIABETÁ - XERÉM (VIA NOVA CAMPINA E IMBARIÊ),30,28,5.95,5.48,13.95,58.62
R5PCR - ESTAÇÃO PENHA CIRCULAR - SUPERVIA,29,28,7.6,6.13,42.75,35.16
R5CDL - ESTAÇÃO CORDOVIL - SUPERVIA,28,28,7.6,6.26,37.55,35.29
214 - Cachoeiras de Macacu - Nova Frigurgo - VIA RJ-116,27,23,17.95,17.95,0.0,
DOL190 - Castelo - Teresópolis,27,8,44.24,44.24,0.0,
6144R - RUA 126 X NITEROI (TA),27,27,14.43,10.94,94.3,32.41
MP779 - MIGUEL PEREIRA - VALE DAS VIDEIRAS,26,23,6.32,6.32,0.0,
101C - DUQUE DE CAXIAS - CENTRAL (VIA VIGÁRIO GERAL),26,26,9.25,6.8,63.65,36.22
DOL166 - Barra da Tijuca - Petrópolis,25,3,26.08,26.08,0.0,
MAN-IGD - MANGARATIBA X I.GRANDE,25,1,7.7,7.7,0.0,
587 DK - NITEROI-ARARUAMA V.SERRA URB,25,22,24.8,24.8,0.0,
100R - MARICÁ X ITABORAÍ (VIA RJ-114) SAC,25,25,12.65,10.85,45.1,32.41
DOL182 - Niterói - Teresópolis,24,16,35.12,35.12,0.0,
501P - MIGUEL COUTO- CENTRAL ( PARADOR ),24,24,12.65,8.95,88.9,41.34
136 - Rio Bonito - Silva Jardim - VIA BR-101/RJ-140,24,24,11.0,11.0,0.0,
DOL152 - Nova Iguaçu - Petrópolis,24,12,22.76,22.76,0.0,
DOL81 - Rio de Janeiro - Barra Mansa (via Volta Redonda),24,13,48.9,48.9,0.0,
DOL294 - Rio de Janeiro - Cabo Frio,23,4,72.86,72.86,0.0,
DOL222 - Campos - Cabo Frio,23,13,43.41,43.41,0.0,
DOL153 - Nova Iguaçu - Petrópolis,22,5,23.73,23.73,0.0,
XEREM - PETRÓPOLIS X XEREM,22,18,14.9,14.9,0.0,
DOL16 - Bom Jesus do Itabapoana - Campos (via Santo Eduardo),22,2,15.2,15.2,0.0,
DOL245 - Macaé - Nova Friburgo,21,10,30.81,30.81,0.0,
DOL181 - Teresópolis - Petrópolis,21,9,18.65,18.65,0.0,
DOL18 - Bom Jesus do Itabapoana - Santa Maria (via Santo Eduardo),21,1,10.81,10.81,0.0,
DOL233 - Itaperuna - Arraial do Cabo (via RJ-106),20,15,53.84,53.84,0.0,
DOL281 - Nova Friburgo - São Sebastião do Alto,20,5,17.23,17.23,0.0,
586 - TRES RIOS X PARAIBA DO SUL - MICROONIBUS,20,20,5.4,5.4,0.0,
DOL430 - CAMPOS- CHAPEU DO SOL,19,3,10.88,10.88,0.0,
415TMV2 - BARRA DA TIJUCA - MAGE,19,19,17.95,9.83,136.3,63.28
DOL47 - Nova Friburgo - Jamapará (via Carmo),19,2,23.73,23.73,0.0,
R4CRA - ESTAÇÃO COELHO DA ROCHA - SUPERVIA,19,19,7.6,6.24,25.8,37.72
DOL234 - Itaperuna - Macaé,18,6,38.99,38.99,0.0,
DOL161 - Duque de Caxias - Petrópolis,18,6,20.92,20.92,0.0,
126 - Araruama - Cabo Frio - VIA RJ-106,18,18,8.35,8.35,0.0,
980 - NITEROI - SAQUREMA,17,17,38.2,38.2,0.0,
557I - DUQUE DE CAXIAS - PILAR (VIA FUNDAÇÃO CRISTO REDENTOR),17,17,5.95,5.05,15.25,85.43
DOL35 - Itaperuna - Porciuncula,17,6,14.58,14.58,0.0,
DOL278 - Nova Friburgo - Macuco (via Cantagalo),17,7,9.64,9.64,0.0,
DOL401 - TRÊS RIOS X SAPUCAIA,17,9,15.18,15.18,0.0,
DOL403 - NITEROI - PARATI (VIA NOVO RIO),17,8,70.73,70.73,0.0,
133 - Casimiro de Abreu - Rio Bonito - VIA BR-101,17,16,25.4,25.4,0.0,
653 - FRIBURGO - S.M.MADALENA URB,17,16,11.9,11.9,0.0,
DOL154 - Castelo - Petrópolis,16,5,38.41,38.41,0.0,
DOL262 - Niterói - Pureza (via Cambuci),16,9,61.93,61.93,0.0,
DOL9 - Campo Grande - Angra dos Reis,15,6,41.99,41.99,0.0,
595 - TRES RIOS X BEMPOSTA,15,10,4.3,4.3,0.0,
DOL145 - Campo Grande - Petrópolis,15,4,41.56,41.56,0.0,
DOL39 - Itaperuna - Santo Antonio de Pádua (via Laje de Muriaé),15,3,11.23,11.23,0.0,
DOL304 - Rio de Janeiro - Miracema (via Venda das Pedras),15,5,99.07,99.07,0.0,
DOL319 - Rio de Janeiro - São Pedro da Aldeia (via Sampaio Correa),15,9,48.33,48.33,0.0,
DOL274 - Nova Friburgo - Cachoeiras de Macacu,15,7,15.31,15.31,0.0,
DOL290 - Rio de Janeiro - Arraial do Cabo,15,10,53.65,53.65,0.0,
488 - BOA ESPERANÇA - CENTRAL,15,15,12.65,8.39,63.95,50.55
DOL288 - Rio de Janeiro - Araruama (via Sampaio Correa),14,6,46.67,46.67,0.0,
718D - ALCÂNTARA - MADUREIRA ( VIA PRAÇA DA NAÇÕES/PENHA ),14,14,15.2,11.59,50.5,47.46
DOL157 - Castelo - Itaipava (via Bingen),14,6,39.78,39.78,0.0,
R4PVA - PAVUNA,13,12,7.6,4.4,41.65,60.89
113 - Miguel Pereira - Três Rios - VIA RJ-125/RJ-131,13,13,24.25,24.25,0.0,
561A - DUQUE DE CAXIAS  FREGUESIA (VIA JACAREPAGUÁ),13,13,10.4,7.58,36.65,39.16
DOL252 - Niterói - Araruama (via RJ-106),13,2,51.6,51.6,0.0,
DOL292 - Rio de Janeiro - Bom Jesus do Itabapoana (via BR-101),13,5,66.35,66.35,0.0,
DOL34 - Itaperuna - Lage de Muriaé,12,1,8.5,8.5,0.0,
MAD - PETRÓPOLIS - MADUREIRA,12,11,30.62,30.62,0.0,
DOL172 - Nova Iguaçu - Petrópolis,12,4,23.3,23.3,0.0,
1700 - TERESOPOLIS X SÃO JOSE DO  VALE DO RIO PRETO,12,10,16.06,16.06,0.0,
DOL107 - NITEROI - PARATY,12,6,79.78,79.78,0.0,
DOL284 - Nova Iguaçu - Cabo Frio (via Duque de Caxias),12,4,77.04,77.04,0.0,
DOL54 - São Fidélis - Nova Friburgo (via Portela),11,2,21.19,21.19,0.0,
304 - Cachoeiras de Macacu - Rio de Janeiro - VIA RJ-116/BR-101,11,8,29.6,29.6,0.0,
553M - NITERÓI - SACRAMENTO ( VIA BAIRRO LEGIÃO ),11,11,8.1,8.1,0.0,
DOL192 - Teresópolis - Rio das Ostras (via São Pedro da Aldeia),11,4,59.65,59.65,0.0,
204 - Rio das Ostras - Teresópolis - VIA BR-101,11,5,86.85,86.85,0.0,
DOL312 - Rio de Janeiro - Quissamã,11,6,74.16,74.16,0.0,
DOL382 - Rio de Janeiro - Farol de São Tomé,11,6,102.44,102.44,0.0,
DOL96 - Petrópolis - Três Rios (via BR-040),11,6,27.95,27.95,0.0,
DOL376 - NITERÓI - WERNECK,10,3,56.93,56.93,0.0,
R4MMA - ESTAÇÃO MERCADÃO DE MADUREIRA - SUPERVIA,10,10,7.6,6.82,7.8,34.21
1200 - TERESOPOLIS X NOVA FRIBURGO,10,9,26.24,26.24,0.0,
DOL223 - Campos - Nova Iguaçu (via BR-101/Macaé),10,5,77.78,77.78,0.0,
DOL291 - Rio de Janeiro - Barra de Itabapoana,10,3,78.25,78.25,0.0,
DOL217 - Bom Jesus do Itabapoana - Macaé,9,5,40.96,40.96,0.0,
DOL86 - Rio de Janeiro - Resende,9,4,62.16,62.16,0.0,
DOL170 - Niterói - Petrópolis (via PPCS),9,6,36.86,36.86,0.0,
701-M - ITABORAÍ - LARGO DA IDEIA,9,9,6.35,6.35,0.0,
654 - FRIBURGO - T.DE MORAIS URB,9,9,14.36,14.36,0.0,
169 - CAMPOS X QUISSAMÃ VIA CONDE DE ARARUAMA AC,9,9,25.35,25.35,0.0,
DOL254 - Niterói - Arraial do Cabo (via RJ-106 e Praia Seca),9,3,71.0,71.0,0.0,
DOL342 - Rio de Janeiro(RJ) - Miracema(RJ),9,3,83.72,83.72,0.0,
701R - ITAIPUAÇU - RIO DO OURO,9,9,6.35,6.1,2.25,35.43
DOL383 - Juiz De Fora - Petropolis,8,4,50.62,50.62,0.0,
DOL74 - Niterói - Resende (via PPCS),8,5,43.55,43.55,0.0,
166 - CAMPOS X QUISSAMÃ VIA CONDE DE ARARUAMA,8,8,9.14,9.14,0.0,
DOL169 - Castelo - Petrópolis,8,4,36.87,36.87,0.0,
682 - NOVA FRIBURGO - MONERAT,7,7,8.13,8.13,0.0,
DOL293 - Rio de Janeiro - Cabo Frio,6,5,60.51,60.51,0.0,
DOL364 - Conceição de Macabu-Macaé,6,1,14.45,14.45,0.0,
R4DCO - ESTAÇÃO DEL CASTILHO - SUPERVIA,6,5,7.6,7.17,2.6,34.21
DOL150 - Duque de Caxias - Petrópolis,6,3,21.4,21.4,0.0,
DOL64 - Barra da Tijuca - Resende,6,1,64.56,64.56,0.0,
663 - FRIBURGO - B.DOS PASSOS URB,6,6,16.73,16.73,0.0,
DOL295 - Rio de Janeiro - Campos (via BR-101/RJ-104),6,3,94.34,94.34,0.0,
DOL377 - Niterói - Arraial do Cabo (via RJ-106 e Praia Seca),6,3,90.46,90.46,0.0,
DOL104 - Três Rios - Paraíba do Sul,6,5,5.4,5.4,0.0,
544R - MARICÁ X RIO DO OURO VIA FLAME,6,6,6.85,6.85,0.0,
DOL147 - Castelo - Petrópolis,6,3,34.65,34.65,0.0,
DOL136 - Rio de Janeiro - Vassouras,5,4,64.01,64.01,0.0,
DOL316 - Rio de Janeiro - São João da Barra (via Campos),5,2,119.35,119.35,0.0,
114 - Campos x São Francisco do Itabapoana,5,5,22.5,22.5,0.0,
DOL311 - Rio de Janeiro - Porciúncula (via Niterói/BR-101),5,4,56.48,56.48,0.0,
DOL365 - Conceição de Macabu-Macaé,5,1,18.65,18.65,0.0,
DOL159 - Madureira - Petrópolis,5,1,25.52,25.52,0.0,
DOL456 - BARCELOS - CAMPOS,5,1,4.35,4.35,0.0,
BARRA - PETRÓPOLIS - BARRA DA TIJUCA,5,5,30.58,30.58,0.0,
S100 - CANTAGALO - CORDEIRO,5,4,4.75,4.75,0.0,
167 - CAMPOS X QUISSAMÃ VIA FLECHEIRA E BELA VISTA,5,5,14.75,14.75,0.0,
DOL48 - Porciuncula - Atafona (via São João da Barra),5,2,12.56,12.56,0.0,
DOL2023 - BARRA DA TIJUCA - MACAÉ AC,5,1,85.65,85.65,0.0,
DOL179 - Teresópolis - Nova Friburgo,4,4,29.44,29.44,0.0,
DOL267 - Niterói - Saquarema (via RJ-106),4,2,75.53,75.53,0.0,
DOL306 - Rio de Janeiro - Morro do Côco,4,2,99.58,99.58,0.0,
DOL65 - Barra do Piraí - Nova Iguaçu (via Piraí),4,1,24.18,24.18,0.0,
"1904T - DUQUE DE CAXIAS X CAMPO GRANDE ""A""",4,4,10.4,9.48,3.7,17.79
700 - TERESOPOLIS X CARMO,4,2,32.0,32.0,0.0,
492M - NITERÓI - JARDIM CATARINA ( VIA BR-101 ),4,4,8.1,8.1,0.0,
DOL110 - Barra Mansa - Três Rios,4,4,35.06,35.06,0.0,
DOL133 - Rio de Janeiro - Valença,4,2,56.32,56.32,0.0,
DOL188 - Teresópolis - Madureira,4,2,46.46,46.46,0.0,
DOL318 - Rio de Janeiro - São Pedro da Aldeia (via Rio Bonito),4,2,63.44,63.44,0.0,
DOL107 - Barra Mansa - Três Rios,3,2,28.47,28.47,0.0,
900 - TERESOPOLIS X PETROPOLIS,3,3,16.3,16.3,0.0,
DOL305 - Rio de Janeiro - Miracema (via Venda das Pedras/Niterói),3,1,84.65,84.65,0.0,
DOL253 - Niterói - Arraial do Cabo (via Rio Bonito),3,3,47.4,47.4,0.0,
DOL314 - Rio de Janeiro - Santa Maria Madalena,3,2,26.16,26.16,0.0,
DOL135 - Rio de Janeiro - Vassouras,3,3,57.55,57.55,0.0,
DOL162 - Campo Grande - Petrópolis,3,2,44.61,44.61,0.0,
DOL216 - Bom Jesus do Itabapoana - Arraial do Cabo,3,3,42.3,42.3,0.0,
1600 - TERESOPOLIS - NOVA IGUAÇU,3,3,32.47,32.47,0.0,
DOL185 - Teresópolis - Carmo (via Sumidouro),3,1,39.56,39.56,0.0,
ANG-IGD - ANGRA DOS REIS X I.GRANDE,2,1,7.7,7.7,0.0,
DOL106 - RIO - ANGRA,2,1,39.34,39.34,0.0,
DOL137 - Rio de Janeiro- Arcozelo,2,1,70.62,70.62,0.0,
DOL143 - Niterói - Petrópolis,2,2,43.2,43.2,0.0,
DOL301 - Rio de Janeiro - Macaé (via PPCS/via Expressa),2,2,80.5,80.5,0.0,
DOL303 - Rio de Janeiro - Macaé (via Tribobó/RJ-104),2,2,63.98,63.98,0.0,
DOL289 - Rio de Janeiro - Armação dos Búzios,2,2,74.26,74.26,0.0,
DOL285 - Nova Iguaçu - Nova Friburgo (via Magé),2,1,58.17,58.17,0.0,
DOL373 - RIO DE JANEIRO - TRÊS RIOS,2,2,61.58,61.58,0.0,
DOL320 - Rio de Janeiro - São Sebastião do Alto,2,1,2.55,2.55,0.0,
DOL309 - Rio de Janeiro - Nova Friburgo (via PPCS/RJ-104),2,1,49.56,49.56,0.0,
DOL313 - Rio de Janeiro - Raposo (via BR-101/Niterói),2,1,72.66,72.66,0.0,
215 - Macaé x Rio Bonito,2,2,49.05,49.05,0.0,
108C - DUQUE DE CAXIAS - ESTÁCIO,2,2,9.25,8.9,0.7,7.57
DOL14 - Bom Jesus de Itabapoana - Itaperuna,2,1,10.67,10.67,0.0,
"590I - ITAGUAÍ - NONO (VIA CAÇADOR) ""SA"".",2,2,11.75,11.75,0.0,
DOL72 - Duque de Caxias - Resende,2,1,45.06,45.06,0.0,
415T-MV - BARRA DA TIJUCA - MAGÉ,2,2,17.95,10.9,14.1,78.55
DOL168 - Cabo Frio - Petrópolis (via Araruama),2,1,57.27,57.27,0.0,
DOL264 - Niterói - São Fidélis (via Cambuci),1,1,74.39,74.39,0.0,
DOL25 - Campos - Raposo,1,1,19.18,19.18,0.0,
DOL24 - Campos - Porciuncula,1,1,17.33,17.33,0.0,
DOL218 - Cabo Frio - Friburgo (via Cordeiro e Trajano de Morais),1,1,11.6,11.6,0.0,
DOL441 - BARRADO AÇU - CAMPOS (VIA BAIXA GRANDE),1,1,10.2,10.2,0.0,
FUNDAO - CIDADE UNIVERSITÁRIA - PETRÓPOLIS,1,1,16.5,16.5,0.0,
DOL180 - Teresópolis - São José do Vale do Rio Preto,1,1,20.16,20.16,0.0,
DOL115 - São José do Vale do Rio Preto - Petrópolis,1,1,22.0,22.0,0.0,
DOL126 - Niterói - Valença (via PPCS),1,1,66.48,66.48,0.0,
